timestep,fps,ep_len_min,ep_len_mean,ep_len_max,ep_len_std,return_min,return_mean,return_max,return_std,disc_return_mean,total_loss,value_loss,actor_loss,entropy,prob_fail,prob_success,prob_reject,lambda
8192,168.84708854861333,56.0,431.9375,500.0,143.76085,-1.0,-0.1875,1.0,0.52663434,0.00044146553,-0.0020264904,0.015026261,-0.009539621,2.1794968,0.9375,0.0625,0.25,0.0
16384,1108.0638953979717,40.0,403.69696,500.0,167.75531,-1.0,-0.15151516,1.0,0.5571145,-0.024767064,-0.008566603,0.0037860093,-0.0104596075,2.1824265,0.90909094,0.09090909,0.24242425,0.0
24576,1125.5346000192678,35.0,419.68628,500.0,161.31815,-1.0,-0.05882353,1.0,0.50143963,0.010256164,-0.007117126,0.0017931389,-0.0080136955,2.1752086,0.9019608,0.09803922,0.15686275,0.0
32768,1140.717368885475,18.0,420.72464,500.0,163.87622,-1.0,-0.08695652,1.0,0.47362712,-0.021796932,-0.002058868,0.0018786001,-0.0029981683,2.1599498,0.92753625,0.072463766,0.1594203,0.0
40960,1107.946843684987,18.0,436.39536,500.0,150.14497,-1.0,-0.069767445,1.0,0.4256513,-0.01748824,-0.0018738625,0.000907752,-0.0023277386,2.1499126,0.94186044,0.058139537,0.12790698,0.0
49152,1146.696099024303,18.0,443.40952,500.0,143.86446,-1.0,-0.06666667,1.0,0.39681265,-0.021584108,-0.0029806134,0.0009935875,-0.0034774072,2.1474445,0.95238096,0.04761905,0.114285715,0.0
57344,1125.2697546277561,18.0,437.624,500.0,151.89258,-1.0,-0.024,1.0,0.4091748,0.0044801994,-0.004220615,0.0012367073,-0.0048389686,2.1402175,0.928,0.072,0.096,0.0
65536,1108.9430017030602,18.0,432.625,500.0,158.63733,-1.0,-0.020833334,1.0,0.4161455,0.003827234,-0.002270885,0.0010016945,-0.0027717322,2.1328743,0.9236111,0.07638889,0.097222224,0.0
73728,1130.7812575857702,18.0,431.88342,500.0,160.05772,-1.0,-0.024539877,1.0,0.41373536,-0.0022216018,-0.0043589254,0.00093431305,-0.004826082,2.134044,0.9263804,0.073619634,0.09815951,0.0
81920,1150.6856182056997,16.0,417.4737,500.0,173.78264,-1.0,-0.042105265,1.0,0.4452271,-0.013669076,-0.0034062213,0.002136245,-0.0044743437,2.1295133,0.92105263,0.078947365,0.12105263,0.0
90112,1122.7578163867229,16.0,416.3684,500.0,174.73042,-1.0,-0.019138755,1.0,0.44787347,-0.00054244103,-0.0019409598,0.0012099632,-0.0025459412,2.1219723,0.90909094,0.09090909,0.11004785,0.0
98304,1140.0999143923116,14.0,411.4569,500.0,178.20976,-1.0,-0.01724138,1.0,0.4639181,-0.0027591635,-0.002302168,0.0018292405,-0.0032167882,2.1129162,0.9008621,0.09913793,0.11637931,0.0
106496,1149.1551293645484,13.0,394.2337,500.0,188.71799,-1.0,-0.0038314175,1.0,0.5066461,-0.00018393697,-0.0027633882,0.0032497908,-0.004388283,2.1109426,0.87356323,0.12643678,0.1302682,0.0
114688,1127.7488716517485,13.0,390.30984,500.0,190.31673,-1.0,0.0070422534,1.0,0.51725817,0.008637281,-0.0018633046,0.0019510873,-0.0028388482,2.1059012,0.8626761,0.13732395,0.13028169,0.0
122880,1141.0858207682588,13.0,376.83228,500.0,197.89922,-1.0,0.0,1.0,0.5454066,-0.0017837416,-0.0010642057,0.0030309847,-0.002579698,2.0997314,0.85126585,0.14873418,0.14873418,0.0
131072,1156.6344927728644,13.0,374.78995,500.0,198.96086,-1.0,0.00887574,1.0,0.5519556,-0.0012404841,-0.004293538,0.0015510714,-0.0050690738,2.0966482,0.84319526,0.15680474,0.147929,0.0
139264,1112.4060333658954,10.0,376.2493,500.0,198.57256,-1.0,0.008403362,1.0,0.54740226,-0.00069701974,-0.00525424,0.0010878034,-0.005798141,2.0959187,0.8459384,0.15406163,0.14565827,0.0
147456,1131.233962035552,10.0,372.958,500.0,200.41054,-1.0,0.007874016,1.0,0.554098,0.0026103905,-0.0018182986,0.0022794243,-0.0029580109,2.094374,0.8425197,0.15748031,0.1496063,0.0
155648,1107.520293078661,10.0,374.72388,500.0,199.8418,-1.0,0.014925373,1.0,0.5506903,0.0073866765,-0.0027285405,0.0010904567,-0.0032737688,2.0894322,0.840796,0.15920398,0.1442786,0.0
163840,1139.9500139392796,10.0,367.03668,500.0,203.51613,-1.0,0.018348623,1.0,0.5663605,0.007652868,-0.0007288349,0.0031209341,-0.002289302,2.0824082,0.83027524,0.16972478,0.15137614,0.0
172032,1132.5005161716933,10.0,367.48148,500.0,203.7985,-1.0,0.017429193,1.0,0.5637189,0.0074615316,-0.002705695,0.0013283361,-0.0033698631,2.0787048,0.832244,0.16775599,0.1503268,0.0
180224,1118.8935858318077,10.0,360.0184,500.0,208.11853,-1.0,0.032719836,1.0,0.57464576,0.020639641,-0.003529253,0.0023568657,-0.0047076857,2.0778348,0.8179959,0.1820041,0.14928426,0.0
188416,1103.9792995236562,10.0,360.28156,500.0,207.58115,-1.0,0.033009708,1.0,0.57528186,0.017258206,-0.0010240183,0.0019460145,-0.0019970257,2.0686893,0.81747574,0.18252428,0.14951456,0.0
196608,1105.4184178266355,10.0,360.75327,500.0,207.31949,-1.0,0.039252337,1.0,0.57384694,0.02283825,-0.0075015416,0.001083069,-0.008043077,2.0615156,0.81495327,0.18504673,0.14579439,0.0
204800,1119.618908539212,10.0,354.56967,500.0,210.09818,-1.0,0.04409171,1.0,0.5847831,0.027071776,-0.002691393,0.002571604,-0.003977195,2.048047,0.8059965,0.19400352,0.14991182,0.0
212992,1109.211388536949,10.0,353.31146,500.0,210.53914,-1.0,0.043771043,1.0,0.5872695,0.02650436,-0.0037207028,0.0019920904,-0.0047167484,2.0312014,0.8047138,0.1952862,0.15151516,0.0
221184,1094.3738141233966,10.0,350.04175,500.0,211.97127,-1.0,0.060995184,1.0,0.5911088,0.03828213,-0.001744396,0.002410099,-0.002949446,2.0251393,0.7929374,0.2070626,0.14606741,0.0
229376,1117.6766450969046,10.0,346.84,500.0,212.90411,-1.0,0.06615385,1.0,0.59763044,0.037768863,-0.00341669,0.0025529978,-0.0046931887,2.0291216,0.78615385,0.21384615,0.14769231,0.0
237568,1103.7947399025704,10.0,342.83017,500.0,214.67894,-1.0,0.07320644,1.0,0.6029936,0.042325776,-0.0025055823,0.002346724,-0.003678944,2.0319421,0.77891654,0.22108346,0.14787701,0.0
245760,1111.7918580364299,10.0,336.6361,500.0,216.9628,-1.0,0.07083333,1.0,0.6139439,0.040032174,-0.0019019735,0.0030096488,-0.003406798,2.0229278,0.7736111,0.22638889,0.15555556,0.0
253952,1117.5514835592646,8.0,336.7836,500.0,216.87318,-1.0,0.07526882,1.0,0.61323327,0.044055898,-0.0027268087,0.0013731553,-0.0034133866,2.0061088,0.77150536,0.22849463,0.15322581,0.0
262144,1124.8986279864469,8.0,336.0559,500.0,217.25345,-1.0,0.074122235,1.0,0.61491543,0.043642804,-0.0037639376,0.0019068428,-0.0047173593,1.995585,0.77113134,0.22886866,0.15474643,0.0
270336,1138.596908805149,8.0,337.60303,500.0,216.98445,-1.0,0.07079646,1.0,0.6117635,0.040828377,-0.0019200154,0.0010689636,-0.0024544974,1.9930891,0.7749684,0.2250316,0.15423514,0.0
278528,1119.078892307997,8.0,335.34872,500.0,218.02003,-1.0,0.08140948,1.0,0.61328506,0.049240086,-0.0031996912,0.0020084651,-0.0042039235,1.9831494,0.7679222,0.23207776,0.1506683,0.0
286720,1121.3869994422068,8.0,335.23468,500.0,218.24059,-1.0,0.07783019,1.0,0.61320305,0.047437705,-0.0010719828,0.0015107851,-0.0018273755,1.9606059,0.7700472,0.22995283,0.15212265,0.0
294912,1102.7401332971356,8.0,334.02747,500.0,218.93748,-1.0,0.08466819,1.0,0.61422366,0.05274218,-0.0012891855,0.0017295983,-0.0021539845,1.9477605,0.76544625,0.23455377,0.14988558,0.0
303104,1137.5443398362122,8.0,335.0972,500.0,218.53232,-1.0,0.087150835,1.0,0.6119866,0.05529378,-0.003965756,0.0010097052,-0.0044706087,1.9456191,0.76536316,0.23463687,0.14748603,0.0
311296,1112.3711004435047,8.0,334.88672,500.0,218.5647,-1.0,0.0882353,1.0,0.6120192,0.05766592,-0.0035069631,0.0012208447,-0.0041173855,1.9442307,0.7647059,0.23529412,0.14705883,0.0
