timestep,fps,ep_len_min,ep_len_mean,ep_len_max,ep_len_std,return_min,return_mean,return_max,return_std,disc_return_mean,total_loss,value_loss,actor_loss,entropy,min_return_rate,max_return_rate
8192,109.99414391328493,1.0,2.9448647,34.0,3.115585,-2.0,-0.0032432433,2.0,1.0451037,-0.0018614904,0.28938037,0.29163587,-0.0022554938,1.7915899,0.026306306306306305,0.02810810810810811
16384,1185.3097731328796,1.0,2.9444945,53.0,3.1419504,-2.0,-0.008289782,2.0,1.044135,-0.007521912,0.2550517,0.26192063,-0.006868922,1.7904427,0.024328707875292847,0.028473598846639032
24576,1185.4925373608091,1.0,2.987671,54.0,3.2328606,-2.0,0.013427734,2.0,1.0430505,0.009105654,0.20204946,0.22098696,-0.018937487,1.7853191,0.025146484375,0.0272216796875
32768,1118.9557851154757,1.0,3.0561523,70.0,3.4292545,-2.0,0.056396484,2.0,1.0373838,0.047246568,0.15586759,0.18407854,-0.028210942,1.7719125,0.0224609375,0.027099609375
40960,1117.0227193292924,1.0,3.0488281,70.0,3.4670684,-2.0,0.14367676,2.0,1.0319537,0.127753,0.14813977,0.18439808,-0.03625831,1.733145,0.020751953125,0.0311279296875
49152,1164.4456639963062,1.0,3.005005,70.0,3.4102042,-2.0,0.26086426,2.0,1.0115021,0.23807062,0.120013,0.15871185,-0.038698852,1.6767591,0.014892578125,0.037841796875
57344,1120.6536463725051,1.0,2.988037,81.0,3.6033301,-2.0,0.38293457,2.0,0.97863746,0.35119104,0.09740974,0.13313952,-0.03572978,1.6092956,0.0106201171875,0.046142578125
65536,1113.436784841901,1.0,3.0579834,100.0,4.4693437,-2.0,0.515625,2.0,0.91895723,0.47477347,0.07812479,0.111237645,-0.033112854,1.5179007,0.006591796875,0.05224609375
73728,1099.8857649177944,1.0,3.0837402,100.0,5.1090713,-2.0,0.6402588,2.0,0.8445339,0.5932628,0.06771489,0.096419856,-0.028704965,1.4247789,0.00341796875,0.0592041015625
81920,1106.4676446399462,1.0,3.185913,100.0,6.1225467,-2.0,0.7408447,2.0,0.76153356,0.6907923,0.049214944,0.07036064,-0.021145696,1.3477045,0.0018310546875,0.0625
90112,1155.7453128301117,1.0,3.361206,100.0,7.349118,-2.0,0.79248047,2.0,0.70009905,0.74352276,0.0377304,0.051541828,-0.013811426,1.294915,0.0008544921875,0.0599365234375
98304,1107.3944691284207,1.0,3.6271973,100.0,8.82389,-2.0,0.8408203,2.0,0.6427584,0.7930227,0.036473773,0.042606637,-0.006132862,1.2355795,0.00048828125,0.06005859375
106496,1114.1063857782913,1.0,3.8431396,100.0,10.367617,-2.0,0.8787842,2.0,0.5849087,0.8311861,0.031324584,0.033892006,-0.0025674226,1.1783252,0.000244140625,0.0599365234375
114688,1111.5470681655283,1.0,4.2248535,100.0,12.015187,-1.0,0.9001465,2.0,0.55224144,0.8500352,0.03238052,0.02557604,0.0068044853,1.1926242,0.046630859375,0.0609130859375
122880,1189.4876315019574,1.0,4.4260254,100.0,12.958981,-1.0,0.9283447,2.0,0.51098037,0.8739427,0.0284587,0.025893126,0.0025655716,1.1165185,0.033203125,0.0640869140625
131072,1167.4572671370508,1.0,4.817383,100.0,14.376727,-1.0,0.9388428,2.0,0.49192214,0.88283634,0.026155043,0.022181626,0.0039734193,1.1567738,0.0264892578125,0.0657958984375
139264,1115.276100061412,1.0,5.0095215,100.0,15.2573595,-1.0,0.9498291,2.0,0.46513972,0.89099526,0.028653326,0.020974312,0.007679014,1.0505499,0.0194091796875,0.06494140625
147456,1133.3561447073284,1.0,5.3547363,100.0,16.106445,-1.0,0.953125,2.0,0.46219373,0.892163,0.025289971,0.018478617,0.0068113557,1.0836263,0.017822265625,0.066650390625
155648,1120.0092668107957,1.0,5.7163086,100.0,17.122742,-1.0,0.95751953,2.0,0.45436478,0.89674044,0.026994586,0.019140478,0.007854104,1.0915781,0.0150146484375,0.06787109375
163840,1131.2715796141729,1.0,5.9089355,100.0,17.71684,-1.0,0.9613037,2.0,0.44643953,0.90055114,0.02197861,0.017558614,0.0044199945,1.0483152,0.0120849609375,0.0689697265625
172032,1180.4973741291963,1.0,6.1046143,100.0,18.317122,-1.0,0.9584961,2.0,0.44026586,0.8995857,0.025107704,0.01656257,0.008545133,1.0137975,0.0113525390625,0.065673828125
180224,1160.2410188776635,1.0,6.3704834,100.0,18.98786,-1.0,0.960083,2.0,0.4399967,0.9001629,0.021219663,0.016095951,0.005123712,1.0088379,0.0111083984375,0.0665283203125
188416,1165.3472197472913,1.0,6.4849854,100.0,19.32084,-1.0,0.9614258,2.0,0.43439332,0.90298295,0.024234856,0.018137274,0.0060975812,0.9306357,0.009521484375,0.0662841796875
196608,1115.7398768403434,1.0,6.7626953,100.0,19.966902,-1.0,0.95666504,2.0,0.4340849,0.89820457,0.019813724,0.014140753,0.005672971,0.99166787,0.0089111328125,0.0645751953125
204800,1113.984442356086,1.0,6.685425,100.0,19.993305,-1.0,0.96276855,2.0,0.42671475,0.9054973,0.025280416,0.01948797,0.0057924464,0.89778155,0.00732421875,0.0657958984375
212992,1133.4801975938897,1.0,6.7424316,100.0,20.153822,-1.0,0.96362305,2.0,0.4203037,0.9053634,0.021328067,0.01690054,0.004427528,0.89524984,0.0062255859375,0.0645751953125
221184,1125.2828741646447,1.0,6.797119,100.0,20.274643,-1.0,0.96325684,2.0,0.42012665,0.90494436,0.025485769,0.016101986,0.009383782,0.8627635,0.0067138671875,0.0638427734375
229376,1160.2957536701724,1.0,6.963623,100.0,20.708221,-1.0,0.9625244,2.0,0.42064276,0.9047785,0.017477844,0.014500234,0.0029776085,0.9080947,0.0064697265625,0.06396484375
237568,1166.0465419686457,1.0,7.2142334,100.0,21.275806,-1.0,0.96118164,2.0,0.41979456,0.9048711,0.019956153,0.012614041,0.0073421123,0.91301143,0.0062255859375,0.063232421875
245760,1170.7371798362087,1.0,7.3931885,100.0,21.687756,-1.0,0.9589844,2.0,0.41900337,0.9032452,0.023753405,0.015738558,0.008014846,0.81624925,0.0059814453125,0.0621337890625
253952,1099.1872532208256,1.0,7.6048584,100.0,22.142025,-1.0,0.9626465,2.0,0.42021805,0.9077475,0.021584613,0.015069345,0.006515267,0.9254954,0.0057373046875,0.0645751953125
262144,1120.067245229051,1.0,7.6608887,100.0,22.227999,-1.0,0.96325684,2.0,0.4224447,0.9090189,0.019452035,0.0150443455,0.004407687,0.9147489,0.0057373046875,0.0657958984375
270336,1101.0152799397526,1.0,8.057373,100.0,22.98774,-1.0,0.96032715,2.0,0.42217964,0.90604734,0.014503064,0.012685983,0.0018170811,0.9417822,0.0052490234375,0.0648193359375
278528,1125.4949666472946,1.0,8.228149,100.0,23.272343,-1.0,0.9613037,2.0,0.4271564,0.90746796,0.021154428,0.015655492,0.0054989364,0.90402853,0.0052490234375,0.0673828125
286720,1123.7305196511581,1.0,8.404785,100.0,23.639164,-1.0,0.9616699,2.0,0.42704645,0.9082514,0.022041813,0.01596744,0.006074372,0.87335,0.0050048828125,0.0677490234375
294912,1174.3998959848377,1.0,8.368164,100.0,23.575577,-1.0,0.96447754,2.0,0.4277175,0.91184497,0.0229538,0.017166601,0.0057871994,0.9194305,0.004638671875,0.0697021484375
303104,1179.1887918281457,1.0,8.188843,100.0,23.250267,-1.0,0.96691895,2.0,0.42705655,0.9151184,0.023111153,0.015650585,0.0074605676,0.9014493,0.00439453125,0.07080078125
311296,1161.7788866381225,1.0,8.242432,100.0,23.372005,-1.0,0.9663086,2.0,0.42772293,0.9148149,0.022292456,0.016855132,0.005437324,0.7540159,0.0045166015625,0.0706787109375
319488,1161.0076192887814,1.0,8.057129,100.0,22.989645,-1.0,0.9663086,2.0,0.42629358,0.9154122,0.02290591,0.016866375,0.0060395347,0.8598378,0.0048828125,0.0697021484375
327680,1177.3140802867845,1.0,8.136963,100.0,23.18052,-1.0,0.96569824,2.0,0.42581514,0.91554403,0.02431294,0.013861631,0.0104513075,0.8853839,0.005126953125,0.0689697265625
335872,1124.8597758965007,1.0,7.86145,100.0,22.689295,-1.0,0.9675293,2.0,0.42667446,0.9196849,0.024613202,0.016707664,0.007905537,0.82460314,0.005859375,0.0694580078125
344064,1114.791042994567,1.0,7.895752,100.0,22.776093,-1.0,0.9658203,2.0,0.4230928,0.9187932,0.017999941,0.014531244,0.003468697,0.8086531,0.005615234375,0.0673828125
352256,1109.8263718330381,1.0,7.805786,100.0,22.619268,-1.0,0.96569824,2.0,0.4200425,0.9191756,0.021123257,0.015855761,0.005267494,0.8371797,0.0057373046875,0.06591796875
360448,1127.9107234138323,1.0,7.807617,100.0,22.728825,-1.0,0.96728516,2.0,0.41710737,0.9211947,0.018659107,0.014601527,0.0040575806,0.82290256,0.0054931640625,0.065673828125
368640,1118.8868816938748,1.0,7.8220215,100.0,22.731775,-1.0,0.96875,2.0,0.41162312,0.9214212,0.020146832,0.015190303,0.00495653,0.8380389,0.0048828125,0.064697265625
376832,1111.7657769938123,1.0,7.880371,100.0,22.794903,-1.0,0.97021484,2.0,0.41439143,0.9228803,0.018996207,0.015077822,0.0039183856,0.7895858,0.0050048828125,0.06640625
385024,1177.8207253394735,1.0,7.8946533,100.0,22.860624,-1.0,0.97216797,2.0,0.4139378,0.9243793,0.02131017,0.015325027,0.0059851413,0.8374461,0.004150390625,0.0679931640625
393216,1176.257921503562,1.0,7.7507324,100.0,22.586544,-1.0,0.97558594,2.0,0.41030386,0.9273126,0.021026727,0.018796401,0.0022303257,0.76946247,0.003173828125,0.069091796875
401408,1161.2877511126444,1.0,7.5351562,100.0,22.21937,-1.0,0.9786377,2.0,0.4067397,0.92880964,0.017466132,0.016250711,0.001215421,0.78735805,0.002685546875,0.069580078125
409600,1170.5408719464867,1.0,7.552124,100.0,22.330858,-1.0,0.98046875,2.0,0.4078806,0.9308628,0.022096895,0.016728578,0.0053683165,0.77752995,0.00244140625,0.0711669921875
417792,1175.0037178412952,1.0,7.506592,100.0,22.21809,-1.0,0.98010254,2.0,0.40591285,0.9304556,0.020599518,0.015806662,0.0047928537,0.7769426,0.0023193359375,0.0703125
425984,1093.8538655501377,1.0,7.4920654,100.0,22.228958,-1.0,0.97875977,2.0,0.40448895,0.92949146,0.017936233,0.014607587,0.0033286482,0.80887073,0.001953125,0.0694580078125
434176,1132.0522430932674,1.0,7.2875977,100.0,21.86304,-1.0,0.98205566,2.0,0.40177256,0.933234,0.020472063,0.015590381,0.004881682,0.8306963,0.0015869140625,0.0703125
442368,1112.583144625577,1.0,7.3066406,100.0,21.892094,-1.0,0.9810791,2.0,0.40384918,0.9326424,0.021408021,0.015616553,0.005791468,0.8196677,0.001953125,0.0703125
450560,1101.9879445577817,1.0,7.329956,100.0,21.990492,-1.0,0.98254395,2.0,0.4075256,0.9344984,0.022677876,0.016260717,0.006417159,0.78007364,0.00244140625,0.072021484375
458752,1121.9850420230027,1.0,7.2973633,100.0,21.880949,-1.0,0.9803467,2.0,0.4065257,0.9332762,0.022444353,0.016724246,0.005720105,0.8190118,0.002685546875,0.0703125
466944,1116.4143917438253,1.0,7.2303467,100.0,21.793427,-1.0,0.9807129,2.0,0.4039829,0.9342397,0.023322351,0.016987087,0.006335265,0.6895242,0.0029296875,0.0692138671875
475136,1112.5055502016448,1.0,7.2963867,100.0,21.901258,-1.0,0.9818115,2.0,0.40898868,0.93455845,0.018081827,0.014956098,0.0031257295,0.82227576,0.0030517578125,0.0716552734375
483328,1109.2836893894205,1.0,7.4381104,100.0,22.18524,-1.0,0.98254395,2.0,0.41258636,0.9351386,0.018097611,0.014334849,0.0037627625,0.79563075,0.0030517578125,0.073486328125
491520,1119.5820983976137,1.0,7.317383,100.0,21.968876,-1.0,0.9836426,2.0,0.41425523,0.93670285,0.02071042,0.016508099,0.004202323,0.8378637,0.0032958984375,0.074462890625
499712,1117.6910061133544,1.0,7.4418945,100.0,22.215685,-1.0,0.9815674,2.0,0.41460997,0.9351615,0.0189505,0.014196649,0.0047538504,0.7561763,0.0029296875,0.073974609375
507904,1106.4703525999435,1.0,7.54895,100.0,22.438969,-1.0,0.9810791,2.0,0.41133645,0.93472654,0.020518862,0.014521711,0.005997151,0.77952605,0.0028076171875,0.072509765625
516096,1160.1023439546643,1.0,7.661865,100.0,22.6575,-1.0,0.9782715,2.0,0.4089651,0.9321912,0.020816162,0.014057074,0.0067590876,0.7974187,0.002685546875,0.0703125
524288,1178.2160448392115,1.0,7.8222656,100.0,23.003258,-1.0,0.9805908,2.0,0.40863392,0.93447113,0.01929763,0.015788034,0.0035095955,0.74503857,0.0023193359375,0.0716552734375
532480,1149.0278140084345,1.0,7.899536,100.0,23.151325,-1.0,0.98205566,2.0,0.4092978,0.9356037,0.022534935,0.016302483,0.0062324535,0.7722107,0.0023193359375,0.0726318359375
540672,1157.8019739865256,1.0,7.9226074,100.0,23.193924,-1.0,0.97888184,2.0,0.40735227,0.9334986,0.020017019,0.013429015,0.0065880027,0.76435536,0.00244140625,0.0701904296875
548864,1185.1372846097472,1.0,8.067749,100.0,23.470934,-1.0,0.9765625,2.0,0.40346098,0.9313221,0.014937291,0.012678649,0.0022586414,0.7699287,0.0023193359375,0.067626953125
557056,1162.0070045612165,1.0,8.085083,100.0,23.52412,-1.0,0.9777832,2.0,0.39957806,0.9323178,0.021583602,0.016570102,0.005013499,0.77125937,0.002197265625,0.0667724609375
565248,1177.062493758798,1.0,8.196533,100.0,23.736485,-1.0,0.9761963,2.0,0.3968809,0.9305271,0.020061387,0.013952304,0.006109082,0.69109493,0.0020751953125,0.0650634765625
573440,1172.6676651254752,1.0,8.35376,100.0,24.026371,-1.0,0.9746094,2.0,0.4015228,0.92961234,0.019153126,0.0133578535,0.005795271,0.8092537,0.001953125,0.0662841796875
581632,1167.946648769799,1.0,8.38501,100.0,24.098618,-1.0,0.975708,2.0,0.40446812,0.9311302,0.020750787,0.015338878,0.005411909,0.75323284,0.0018310546875,0.068115234375
589824,1185.7157423632648,1.0,8.681519,100.0,24.495268,-1.0,0.9727783,2.0,0.40848684,0.9261311,0.018047359,0.013295207,0.0047521517,0.733067,0.001708984375,0.0684814453125
598016,1166.2837418876304,1.0,8.8532715,100.0,24.783934,-1.0,0.96984863,2.0,0.40917704,0.92323303,0.019623935,0.013631115,0.0059928186,0.7252506,0.0018310546875,0.0672607421875
606208,1166.074321785682,1.0,9.000732,100.0,25.053303,-1.0,0.9650879,2.0,0.409246,0.9196974,0.02126509,0.015030781,0.0062343087,0.7837895,0.0015869140625,0.0653076171875
614400,1151.7829278927109,1.0,9.136597,100.0,25.313597,-1.0,0.96643066,2.0,0.41277343,0.9214542,0.020662015,0.015914306,0.0047477097,0.7734811,0.00146484375,0.0675048828125
622592,1167.343433218512,1.0,9.182373,100.0,25.344934,-1.0,0.96643066,2.0,0.41424945,0.9201068,0.017418055,0.012765344,0.0046527097,0.744233,0.0013427734375,0.0682373046875
630784,1176.740806856492,1.0,9.341919,100.0,25.580755,-1.0,0.9647217,2.0,0.41792193,0.91826206,0.022136502,0.01333553,0.008800972,0.7293388,0.0013427734375,0.0689697265625
638976,1180.8313042824398,1.0,9.776001,100.0,26.229155,-1.0,0.95825195,2.0,0.4215453,0.9114176,0.017938832,0.011490274,0.0064485585,0.7295398,0.0015869140625,0.0672607421875
647168,1178.6922100407091,1.0,9.732422,100.0,26.132067,-1.0,0.95874023,2.0,0.42101386,0.91062975,0.021671105,0.015237283,0.0064338217,0.6368315,0.001708984375,0.067138671875
655360,1176.118692775879,1.0,9.644165,100.0,26.01427,-1.0,0.96240234,2.0,0.41757354,0.9135165,0.017887332,0.014022006,0.0038653265,0.70268637,0.00146484375,0.067626953125
663552,1198.5574214884844,1.0,9.770142,100.0,26.186409,-1.0,0.960083,2.0,0.41662636,0.9103807,0.018621128,0.013493931,0.0051271976,0.7477666,0.00146484375,0.066162109375
671744,1167.996514748006,1.0,9.529175,100.0,25.871374,-1.0,0.96435547,2.0,0.41126588,0.91533834,0.021934666,0.015478756,0.0064559067,0.7416363,0.0013427734375,0.0660400390625
679936,1180.6427125630928,1.0,9.621094,100.0,25.984282,-1.0,0.963501,2.0,0.41576695,0.9143876,0.021018548,0.01440275,0.006615796,0.7523538,0.0015869140625,0.0672607421875
688128,1160.634307287231,1.0,9.708862,100.0,26.132547,-1.0,0.96191406,2.0,0.4137111,0.9126271,0.017309634,0.013270201,0.004039433,0.7404807,0.0013427734375,0.06591796875
696320,1166.736561645994,1.0,9.7109375,100.0,26.125534,-1.0,0.9622803,2.0,0.4133019,0.9121064,0.020602595,0.014987922,0.005614673,0.74291444,0.0013427734375,0.06591796875
704512,1165.4612971642307,1.0,9.632568,100.0,26.062834,-1.0,0.9694824,2.0,0.4140434,0.9192552,0.021644961,0.015415307,0.006229653,0.74421245,0.0013427734375,0.069580078125
712704,1182.5268274222487,1.0,9.540283,100.0,25.911575,-1.0,0.97094727,2.0,0.411784,0.91945547,0.018618016,0.013557769,0.0050602453,0.7014001,0.001220703125,0.0694580078125
720896,1129.418187689432,1.0,9.502441,100.0,25.826502,-1.0,0.97265625,2.0,0.41308478,0.9218727,0.017128684,0.014010625,0.0031180596,0.727406,0.0009765625,0.071044921875
729088,1099.98826589147,1.0,9.583496,100.0,25.938047,-1.0,0.9694824,2.0,0.4134533,0.9195386,0.016984344,0.011893347,0.005090997,0.7354188,0.0010986328125,0.069580078125
737280,1105.0747331132536,1.0,9.683594,100.0,26.12637,-1.0,0.9666748,2.0,0.41485804,0.918014,0.021188868,0.015129687,0.006059178,0.7295698,0.0010986328125,0.06884765625
745472,1103.9859326188173,1.0,9.680298,100.0,26.121252,-1.0,0.9675293,2.0,0.41741896,0.91869676,0.02005644,0.014287717,0.005768723,0.7487301,0.0010986328125,0.0703125
753664,1120.7641858969216,1.0,9.681152,100.0,26.105307,-1.0,0.96875,2.0,0.41897148,0.9198088,0.02276824,0.017502017,0.0052662236,0.768878,0.0008544921875,0.07177734375
761856,1104.259200275,1.0,9.576294,100.0,25.936375,-1.0,0.97094727,2.0,0.41854665,0.9217872,0.019215014,0.015062204,0.0041528097,0.6985303,0.0010986328125,0.0723876953125
770048,1110.0398495710097,1.0,9.578003,100.0,25.928213,-1.0,0.9711914,2.0,0.4182718,0.92242706,0.018325824,0.014229776,0.004096049,0.77443826,0.001220703125,0.072265625
778240,1165.4209366616371,1.0,9.539551,100.0,25.853212,-1.0,0.9691162,2.0,0.41622174,0.9214827,0.018334966,0.014899181,0.0034357854,0.75493443,0.00146484375,0.0701904296875
786432,1174.9373815500394,1.0,9.51123,100.0,25.797684,-1.0,0.9671631,2.0,0.41548502,0.92000127,0.018749824,0.015467146,0.003282677,0.77070117,0.0013427734375,0.069091796875
794624,1169.5141012445447,1.0,9.427612,100.0,25.691185,-1.0,0.96972656,2.0,0.4134713,0.9225457,0.019112047,0.0140826255,0.0050294218,0.7213637,0.00146484375,0.0693359375
802816,1160.4860530873048,1.0,9.637817,100.0,26.073038,-1.0,0.9683838,2.0,0.41440308,0.9215673,0.015181532,0.012489997,0.0026915339,0.7417222,0.001220703125,0.0693359375
811008,1182.3350492577401,1.0,9.585571,100.0,25.970078,-1.0,0.97143555,2.0,0.41477174,0.92428267,0.018540096,0.01289013,0.005649967,0.7838253,0.001220703125,0.0709228515625
819200,1175.1955767435918,1.0,9.467407,100.0,25.81886,-1.0,0.9746094,2.0,0.41024458,0.9270652,0.016949175,0.013652198,0.0032969762,0.7423912,0.0010986328125,0.0706787109375
827392,1171.9582223045677,1.0,9.698608,100.0,26.219213,-1.0,0.97058105,2.0,0.4110162,0.923497,0.016820868,0.013886654,0.0029342147,0.7078481,0.0009765625,0.0692138671875
835584,1169.3125923741861,1.0,9.872192,100.0,26.526663,-1.0,0.9686279,2.0,0.41176206,0.9218637,0.018348893,0.013660595,0.004688298,0.7430848,0.0009765625,0.068603515625
843776,1191.781734127079,1.0,9.953857,100.0,26.656752,-1.0,0.9680176,2.0,0.41186333,0.92057943,0.01688318,0.012575083,0.0043080933,0.74630547,0.0008544921875,0.0684814453125
851968,1168.2971904108729,1.0,10.019897,100.0,26.745262,-1.0,0.9666748,2.0,0.41101503,0.91929364,0.017518993,0.013485525,0.0040334673,0.7166544,0.0006103515625,0.0677490234375
860160,1096.2826631307985,1.0,10.04834,100.0,26.807789,-1.0,0.9649658,2.0,0.41324285,0.9184192,0.020581262,0.014534356,0.0060469043,0.69898665,0.00048828125,0.0679931640625
868352,1104.3348322425159,1.0,10.118042,100.0,26.913696,-1.0,0.9633789,2.0,0.4126618,0.9162344,0.019994026,0.013812464,0.006181562,0.7178732,0.00048828125,0.0670166015625
876544,1117.0662615200774,1.0,10.156372,100.0,27.045797,-1.0,0.9597168,2.0,0.41497633,0.91479003,0.016399749,0.012965498,0.0034342515,0.7066517,0.000732421875,0.0660400390625
884736,1114.3095877859841,1.0,10.047485,100.0,26.827723,-1.0,0.9608154,2.0,0.41669586,0.9157409,0.020502321,0.015904596,0.004597727,0.6270987,0.0009765625,0.0670166015625
892928,1112.6235671786242,1.0,10.083862,100.0,26.89413,-1.0,0.961792,2.0,0.41999593,0.9168894,0.018285047,0.013873813,0.0044112355,0.66983294,0.0010986328125,0.0687255859375
901120,1105.1134745009688,1.0,10.005249,100.0,26.766644,-1.0,0.96203613,2.0,0.42175823,0.9170524,0.017740898,0.0148204435,0.002920454,0.6895969,0.001220703125,0.0694580078125
909312,1100.9712867001367,1.0,9.909424,100.0,26.632156,-1.0,0.9641113,2.0,0.41947356,0.9193419,0.019130718,0.015160499,0.0039702184,0.69600725,0.001220703125,0.0694580078125
917504,1167.8625691282357,1.0,9.787964,100.0,26.417404,-1.0,0.9663086,2.0,0.4196558,0.9203912,0.020168815,0.01661005,0.0035587628,0.69748116,0.0010986328125,0.0706787109375
925696,1182.9968308802258,1.0,9.6188965,100.0,26.160353,-1.0,0.9666748,2.0,0.41866577,0.92180717,0.01859922,0.013979257,0.004619964,0.7013447,0.001220703125,0.0703125
933888,1172.7610041299865,1.0,9.607544,100.0,26.171108,-1.0,0.96984863,2.0,0.42354307,0.92550254,0.021535832,0.016220927,0.005314906,0.68342566,0.001220703125,0.0738525390625
942080,1185.1545352908493,1.0,9.53186,100.0,26.043295,-1.0,0.97106934,2.0,0.42362824,0.926467,0.020026866,0.014889946,0.005136921,0.77800393,0.0010986328125,0.0745849609375
950272,1186.3230265499112,1.0,9.453003,100.0,25.949812,-1.0,0.9736328,2.0,0.42162967,0.92944896,0.02030491,0.014189916,0.006114994,0.7379042,0.0008544921875,0.0751953125
958464,1117.7909617389212,1.0,9.521851,100.0,26.07453,-1.0,0.9749756,2.0,0.4204069,0.93053514,0.014769856,0.011436453,0.0033334026,0.6928363,0.00048828125,0.07568359375
966656,1129.3519987233888,1.0,9.690796,100.0,26.385235,-1.0,0.97058105,2.0,0.42070293,0.9270872,0.016726468,0.012689414,0.004037051,0.6480707,0.0003662109375,0.0738525390625
974848,1103.166196752602,1.0,9.415894,100.0,25.94496,-1.0,0.97216797,2.0,0.4142326,0.9279016,0.023648057,0.016363505,0.007284553,0.67216647,0.0003662109375,0.0718994140625
983040,1115.3736690278727,1.0,9.444336,100.0,25.952871,-1.0,0.9696045,2.0,0.41419977,0.9256212,0.01928436,0.014880387,0.004403973,0.66960263,0.00048828125,0.070556640625
991232,1095.1254139460566,1.0,9.591919,100.0,26.174158,-1.0,0.9649658,2.0,0.4153055,0.92188495,0.018015675,0.013265932,0.004749743,0.7697528,0.0008544921875,0.0684814453125
999424,1112.907688721884,1.0,9.434814,100.0,25.957903,-1.0,0.9659424,2.0,0.41420954,0.92389446,0.019590385,0.015493022,0.0040973644,0.73256147,0.001220703125,0.068115234375
8192,107.2875075048745,1.0,3.1510818,45.0,3.3504667,-2.0,-0.0038639877,2.0,1.0479171,-0.0013094457,0.27377427,0.27556738,-0.0017931263,1.7915306,0.02627511591962906,0.02743431221020093
16384,1037.6642798897833,1.0,3.1468437,53.0,3.4600146,-2.0,-0.011162433,2.0,1.0460299,-0.0063695866,0.2431294,0.24894239,-0.0058129746,1.7904471,0.023287143956889914,0.028868360277136258
24576,1007.380270887673,1.0,3.1692724,53.0,3.485674,-2.0,0.007236077,2.0,1.0406889,0.007316773,0.19556895,0.21144584,-0.015876923,1.7846372,0.023388034629797133,0.026101563509497352
32768,1015.6105906526994,1.0,3.2277832,70.0,3.6674333,-2.0,0.037963867,2.0,1.0385157,0.033785373,0.15429595,0.17892626,-0.024630308,1.773334,0.0224609375,0.0260009765625
40960,978.296858982616,1.0,3.2298584,70.0,3.6133327,-2.0,0.11376953,2.0,1.0325491,0.0995902,0.14277238,0.17422317,-0.031450804,1.7367346,0.0205078125,0.028076171875
49152,976.6911942716114,1.0,3.244995,70.0,3.7722857,-2.0,0.19714355,2.0,1.0229672,0.1771913,0.1177326,0.15243207,-0.034699462,1.6879728,0.015869140625,0.033935546875
57344,1014.2115967301049,1.0,3.1959229,53.0,3.7810972,-2.0,0.30737305,2.0,0.9985363,0.2793278,0.10350457,0.13881426,-0.035309687,1.6229593,0.01123046875,0.0401611328125
65536,977.3532602275493,1.0,3.2138672,74.0,4.2727637,-2.0,0.43847656,2.0,0.95306045,0.39895415,0.08537263,0.11980304,-0.03443042,1.5457541,0.0081787109375,0.0460205078125
73728,964.7574012000596,1.0,3.2427979,100.0,4.906176,-2.0,0.5616455,2.0,0.8919172,0.5140297,0.06630095,0.09619311,-0.029892158,1.4745946,0.005126953125,0.05224609375
81920,970.6119121372582,1.0,3.2922363,100.0,5.780346,-2.0,0.67785645,2.0,0.80880046,0.62468636,0.051136408,0.077246316,-0.02610991,1.3926419,0.0025634765625,0.0560302734375
90112,969.3598525049637,1.0,3.5179443,100.0,7.213061,-2.0,0.74438477,2.0,0.74712515,0.68870515,0.041445475,0.058722876,-0.0172774,1.3446586,0.0015869140625,0.056640625
98304,974.7902005717035,1.0,3.881958,100.0,8.973886,-2.0,0.7911377,2.0,0.6989142,0.7362336,0.03479987,0.042588357,-0.007788484,1.2894058,0.0006103515625,0.05810546875
106496,1016.7918826009545,1.0,4.1899414,100.0,10.544215,-2.0,0.8355713,2.0,0.64589244,0.77650213,0.030903855,0.033568084,-0.0026642247,1.2189002,0.0003662109375,0.059326171875
114688,978.652073892326,1.0,4.588623,100.0,12.241325,-2.0,0.86291504,2.0,0.6064688,0.8037003,0.026875287,0.025635121,0.0012401668,1.1883307,0.000244140625,0.0589599609375
122880,993.5806097855365,1.0,4.9415283,100.0,13.639118,-2.0,0.89123535,2.0,0.5640269,0.8306951,0.02776926,0.025864733,0.0019045251,1.1329573,0.000244140625,0.0595703125
131072,977.6183825066889,1.0,5.2977295,100.0,15.045102,-1.0,0.9088135,2.0,0.5311218,0.8489233,0.026953384,0.022270452,0.004682932,1.1105864,0.039794921875,0.059814453125
139264,1022.9355254250388,1.0,5.5025635,100.0,15.972557,-1.0,0.923584,2.0,0.5026982,0.8647157,0.026178425,0.020124651,0.006053775,1.0558503,0.0316162109375,0.0594482421875
147456,1032.8808323303301,1.0,5.752075,100.0,17.043098,-1.0,0.93408203,2.0,0.47706226,0.8749502,0.0290566,0.018524252,0.010532346,0.9896612,0.0245361328125,0.0584716796875
155648,1021.5169305382523,1.0,5.946411,100.0,17.709631,-1.0,0.9420166,2.0,0.46185791,0.8835262,0.025938159,0.018977487,0.0069606705,0.9287648,0.0201416015625,0.0592041015625
163840,983.3912191882954,1.0,6.0078125,100.0,18.017784,-1.0,0.94836426,2.0,0.448135,0.8901979,0.022958314,0.017508566,0.0054497486,0.95701206,0.0157470703125,0.0601806640625
172032,979.6519485670827,1.0,6.269165,100.0,18.630188,-1.0,0.94970703,2.0,0.4500541,0.89086217,0.025856277,0.017792754,0.008063524,0.9656662,0.01513671875,0.062255859375
180224,973.9492766982619,1.0,6.4819336,100.0,19.153227,-1.0,0.95458984,2.0,0.4456697,0.8947765,0.02594998,0.01693003,0.009019948,0.9339733,0.0133056640625,0.0643310546875
188416,974.7972802835309,1.0,6.7178955,100.0,19.673117,-1.0,0.9544678,2.0,0.44028363,0.89366174,0.019471448,0.015491245,0.003980203,0.90174675,0.0115966796875,0.0635986328125
196608,1019.6932388006796,1.0,6.793213,100.0,19.919754,-1.0,0.9562988,2.0,0.4355922,0.8951669,0.023734098,0.016922105,0.006811993,0.8772495,0.010498046875,0.0634765625
204800,1021.4351209703802,1.0,6.9174805,100.0,20.245737,-1.0,0.9604492,2.0,0.4343055,0.89937615,0.02071023,0.016462075,0.0042481543,0.8983903,0.0098876953125,0.0654296875
212992,1029.1121563181753,1.0,7.054199,100.0,20.541307,-1.0,0.96069336,2.0,0.4323558,0.8993156,0.021904744,0.016890718,0.0050140247,0.86803555,0.0091552734375,0.0654296875
221184,979.4145606931662,1.0,7.2904053,100.0,21.08942,-1.0,0.95983887,2.0,0.4341089,0.8996425,0.0257323,0.015055701,0.010676599,0.85565484,0.0091552734375,0.0657958984375
229376,977.8401790018947,1.0,7.587158,100.0,21.817593,-1.0,0.9593506,2.0,0.43265507,0.89989054,0.018244365,0.012306213,0.005938152,0.8426475,0.008544921875,0.0655517578125
237568,976.6017226692047,1.0,7.8310547,100.0,22.345356,-1.0,0.9595947,2.0,0.4289946,0.9002234,0.017551135,0.012691537,0.0048595974,0.922258,0.0072021484375,0.0654296875
245760,978.3143796196771,1.0,7.8912354,100.0,22.556007,-1.0,0.9577637,2.0,0.42839095,0.90046155,0.02431248,0.01769409,0.0066183903,0.8026502,0.0074462890625,0.0640869140625
253952,962.3619872635071,1.0,7.9541016,100.0,22.70885,-1.0,0.960083,2.0,0.4287557,0.90237904,0.020428158,0.01506882,0.0053593405,0.925163,0.0069580078125,0.0657958984375
262144,977.6466718189836,1.0,8.084717,100.0,22.917841,-1.0,0.96276855,2.0,0.42785752,0.90359646,0.018704992,0.015342664,0.0033623264,0.8555199,0.005859375,0.0677490234375
270336,1003.1553319907416,1.0,8.174194,100.0,23.13249,-1.0,0.96203613,2.0,0.42864832,0.9033671,0.02218737,0.01562931,0.0065580616,0.8403973,0.0054931640625,0.068115234375
278528,1025.4809289387938,1.0,8.422485,100.0,23.593277,-1.0,0.961792,2.0,0.4300483,0.9029987,0.018869985,0.013533153,0.0053368304,0.8767595,0.0054931640625,0.068603515625
286720,1030.8864565330437,1.0,8.527954,100.0,23.813944,-1.0,0.96398926,2.0,0.4293858,0.9055162,0.01747419,0.0141643975,0.00330979,0.8672874,0.0050048828125,0.06982421875
294912,1030.6189246111514,1.0,8.724609,100.0,24.146677,-1.0,0.9613037,2.0,0.42801285,0.90225446,0.01854004,0.012919184,0.0056208572,0.86637425,0.0048828125,0.068115234375
303104,1027.0954803419274,1.0,8.609375,100.0,23.904343,-1.0,0.96240234,2.0,0.4296761,0.9034,0.021004919,0.013753476,0.007251444,0.9306039,0.0054931640625,0.0687255859375
311296,972.5072531167807,1.0,8.61084,100.0,23.94142,-1.0,0.963501,2.0,0.42877558,0.9035994,0.021014007,0.015034618,0.005979388,0.85155725,0.005126953125,0.0692138671875
319488,981.3292230672273,1.0,8.818115,100.0,24.296652,-1.0,0.9608154,2.0,0.42768306,0.9010924,0.02335448,0.0139454985,0.0094089825,0.8608664,0.0050048828125,0.067626953125
327680,979.9926353962402,1.0,8.750732,100.0,24.13765,-1.0,0.9604492,2.0,0.4300688,0.9008777,0.023921244,0.016801905,0.00711934,0.8418968,0.00537109375,0.068115234375
335872,980.9194404925372,1.0,8.89209,100.0,24.44021,-1.0,0.9602051,2.0,0.43089697,0.90202355,0.018047541,0.012778357,0.005269186,0.8511884,0.00537109375,0.068359375
344064,977.2937984832148,1.0,9.122437,100.0,24.797653,-1.0,0.95617676,2.0,0.4300804,0.8979111,0.018100897,0.011525826,0.006575072,0.8450412,0.005126953125,0.06640625
352256,1013.7829015183255,1.0,9.118164,100.0,24.759771,-1.0,0.9550781,2.0,0.42897224,0.89723396,0.018382428,0.013236089,0.005146338,0.8443172,0.0050048828125,0.0655517578125
360448,1033.059116626708,1.0,8.99292,100.0,24.591269,-1.0,0.9560547,2.0,0.42707726,0.8988801,0.019438185,0.014840459,0.004597726,0.7452983,0.0048828125,0.0653076171875
368640,1026.3380900503232,1.0,9.0008545,100.0,24.616806,-1.0,0.9562988,2.0,0.42567083,0.8994696,0.018689584,0.013099521,0.0055900626,0.8658005,0.0047607421875,0.06494140625
376832,1014.4724444186068,1.0,9.019409,100.0,24.665281,-1.0,0.95654297,2.0,0.42368382,0.89928937,0.021333389,0.014652755,0.006680634,0.83642936,0.004150390625,0.0648193359375
385024,1027.7780172820574,1.0,8.998779,100.0,24.659685,-1.0,0.95788574,2.0,0.41962224,0.9016176,0.022926167,0.014057142,0.008869025,0.81278795,0.0035400390625,0.0643310546875
393216,1015.4802923801633,1.0,9.05957,100.0,24.765665,-1.0,0.95825195,2.0,0.422702,0.9020569,0.021994654,0.015148214,0.0068464414,0.8892429,0.0035400390625,0.0657958984375
401408,1026.1291125140026,1.0,9.185303,100.0,24.993864,-1.0,0.95654297,2.0,0.4193398,0.89980483,0.019467786,0.0133978855,0.0060699005,0.83751965,0.003173828125,0.06396484375
409600,1023.8581434336655,1.0,9.286987,100.0,25.1698,-1.0,0.9543457,2.0,0.42026967,0.8984663,0.017365094,0.013924438,0.0034406567,0.8268342,0.0032958984375,0.063232421875
417792,1026.7200969976993,1.0,9.134277,100.0,24.922342,-1.0,0.9559326,2.0,0.415033,0.8985505,0.016585339,0.011959131,0.004626206,0.8005119,0.003173828125,0.0618896484375
425984,999.3603395943037,1.0,9.0061035,100.0,24.74407,-1.0,0.95947266,2.0,0.4117039,0.901646,0.021239601,0.01649243,0.0047471724,0.7511767,0.003173828125,0.0621337890625
434176,1035.5145114178702,1.0,9.140137,100.0,24.964909,-1.0,0.95617676,2.0,0.41210732,0.8988529,0.020516243,0.014040269,0.006475974,0.78161085,0.0032958984375,0.0606689453125
442368,1013.0792704594331,1.0,9.151978,100.0,24.993418,-1.0,0.95788574,2.0,0.4128772,0.900779,0.020312006,0.013805645,0.0065063606,0.758143,0.0032958984375,0.061767578125
450560,1015.2431939037668,1.0,9.202148,100.0,25.12067,-1.0,0.9577637,2.0,0.41123533,0.9009869,0.020235876,0.0136952195,0.006540657,0.85131997,0.0030517578125,0.061279296875
458752,1027.349912423434,1.0,9.167358,100.0,25.048923,-1.0,0.9592285,2.0,0.4131597,0.9029978,0.019043885,0.0144637395,0.0045801466,0.78035724,0.003173828125,0.0626220703125
466944,1010.8644444876592,1.0,9.237671,100.0,25.153254,-1.0,0.9597168,2.0,0.41232038,0.90335643,0.019776557,0.013460151,0.006316405,0.7353572,0.0029296875,0.062744140625
475136,1022.9979298127566,1.0,9.073364,100.0,24.910572,-1.0,0.96362305,2.0,0.411795,0.90787876,0.022607459,0.018768888,0.003838572,0.77025783,0.0029296875,0.0643310546875
483328,1016.3552916456083,1.0,9.065186,100.0,24.946693,-1.0,0.9641113,2.0,0.4085644,0.90867835,0.01844828,0.0130920755,0.0053562047,0.7813272,0.0023193359375,0.0638427734375
491520,1033.9598628530268,1.0,8.880371,100.0,24.668825,-1.0,0.9667969,2.0,0.41530895,0.9135189,0.020386184,0.015565304,0.0048208795,0.7400894,0.0025634765625,0.067626953125
499712,1022.0719354935625,1.0,9.059326,100.0,24.956299,-1.0,0.96484375,2.0,0.41485405,0.91147125,0.017828243,0.013473865,0.004354378,0.77325165,0.0020751953125,0.0670166015625
507904,1017.702632786547,1.0,9.102295,100.0,25.04226,-1.0,0.96435547,2.0,0.4139286,0.91045904,0.020813592,0.014122309,0.006691284,0.80270994,0.001953125,0.0665283203125
516096,1013.4769978789382,1.0,8.842041,100.0,24.612411,-1.0,0.9686279,2.0,0.41116872,0.9146371,0.023789857,0.017900836,0.0058890195,0.78619504,0.001708984375,0.067626953125
524288,1012.0545083277462,1.0,8.766724,100.0,24.476118,-1.0,0.9680176,2.0,0.4133426,0.91548634,0.021850515,0.015381335,0.0064691817,0.76790905,0.001953125,0.0679931640625
532480,1012.9699874695602,1.0,8.848877,100.0,24.658678,-1.0,0.96813965,2.0,0.41290885,0.9157622,0.020806575,0.013568781,0.007237792,0.7767765,0.0020751953125,0.0677490234375
540672,1013.2741806335996,1.0,9.023926,100.0,24.99226,-1.0,0.9650879,2.0,0.41546267,0.9140253,0.017858755,0.011111727,0.006747029,0.76427,0.002197265625,0.0672607421875
548864,1035.1791990785268,1.0,9.206787,100.0,25.282833,-1.0,0.96325684,2.0,0.41220698,0.91159654,0.01914757,0.014125112,0.0050224555,0.7844951,0.0018310546875,0.0654296875
557056,1014.2916843477808,1.0,9.210449,100.0,25.293118,-1.0,0.96362305,2.0,0.41386485,0.91197395,0.02261875,0.014864509,0.007754242,0.8378706,0.001953125,0.066162109375
565248,1027.3586670069294,1.0,9.248779,100.0,25.341122,-1.0,0.96533203,2.0,0.41460082,0.91335684,0.01892606,0.01315839,0.0057676695,0.7501043,0.0018310546875,0.0673828125
573440,1014.9607826033453,1.0,9.396606,100.0,25.552782,-1.0,0.96154785,2.0,0.41411963,0.90973717,0.020337287,0.010775149,0.00956214,0.7553454,0.0020751953125,0.065185546875
581632,1016.401441396009,1.0,9.604736,100.0,25.834436,-1.0,0.96032715,2.0,0.41547614,0.90728426,0.016483111,0.011673805,0.0048093055,0.7614445,0.001953125,0.0653076171875
589824,1037.0711188706246,1.0,9.633545,100.0,25.805664,-1.0,0.9592285,2.0,0.4184441,0.90644586,0.019325461,0.014458014,0.004867447,0.7119416,0.002197265625,0.0657958984375
598016,1018.0759145523208,1.0,9.796753,100.0,26.087044,-1.0,0.9576416,2.0,0.4224969,0.90498435,0.019104917,0.014769045,0.0043358714,0.7690784,0.0023193359375,0.066650390625
606208,1025.4521295842328,1.0,9.7561035,100.0,26.023708,-1.0,0.95983887,2.0,0.421265,0.90609133,0.023846257,0.01501516,0.008831099,0.77999973,0.002197265625,0.0672607421875
614400,1011.1782655523845,1.0,9.493286,100.0,25.60997,-1.0,0.96191406,2.0,0.41986167,0.9083957,0.019932806,0.015071395,0.0048614126,0.7691028,0.0020751953125,0.0677490234375
622592,1011.6535475950992,1.0,9.616943,100.0,25.814148,-1.0,0.96191406,2.0,0.4221812,0.9081516,0.018654563,0.01392445,0.004730112,0.7756571,0.001953125,0.06884765625
630784,1021.3010775700126,1.0,9.54126,100.0,25.665525,-1.0,0.9595947,2.0,0.4183338,0.90541035,0.018384479,0.013450239,0.004934242,0.7523124,0.001953125,0.066162109375
638976,1025.627888980846,1.0,9.738525,100.0,25.973597,-1.0,0.95751953,2.0,0.41622618,0.90336746,0.020045642,0.013083379,0.006962263,0.73645425,0.0018310546875,0.064453125
647168,1024.5248049601214,1.0,9.661499,100.0,25.8653,-1.0,0.9595947,2.0,0.41716495,0.9055836,0.019857053,0.015866283,0.0039907694,0.7272005,0.001953125,0.065673828125
655360,1024.845210000764,1.0,9.689697,100.0,25.885801,-1.0,0.9613037,2.0,0.41674155,0.9062583,0.01861851,0.014382439,0.0042360714,0.75665665,0.001708984375,0.0665283203125
663552,1041.482615989038,1.0,9.352905,100.0,25.412657,-1.0,0.9678955,2.0,0.4137759,0.9134548,0.022889793,0.018048106,0.004841686,0.69510937,0.0015869140625,0.0684814453125
671744,1005.4732683414967,1.0,9.418579,100.0,25.576859,-1.0,0.96850586,2.0,0.40832916,0.91421485,0.019592758,0.012557224,0.007035532,0.751961,0.001220703125,0.06689453125
679936,1032.5076314944993,1.0,9.562378,100.0,25.835608,-1.0,0.9641113,2.0,0.41035315,0.91116107,0.014900873,0.012145573,0.0027553004,0.7627865,0.0013427734375,0.0655517578125
688128,1001.4370079958767,1.0,9.763184,100.0,26.088888,-1.0,0.9616699,2.0,0.41102424,0.9079162,0.016956214,0.012706293,0.004249919,0.7437011,0.001220703125,0.0648193359375
696320,1014.0126749008114,1.0,9.887939,100.0,26.252644,-1.0,0.96191406,2.0,0.4116405,0.90743273,0.016577914,0.014679159,0.001898756,0.76644444,0.001220703125,0.065185546875
704512,1013.3403727404527,1.0,9.830688,100.0,26.209064,-1.0,0.96325684,2.0,0.41309446,0.90995526,0.017452374,0.013916277,0.003536097,0.73549145,0.001220703125,0.06640625
712704,1029.5953802578497,1.0,9.917236,100.0,26.346495,-1.0,0.96398926,2.0,0.41785946,0.911373,0.021809919,0.014630611,0.0071793073,0.73696244,0.001708984375,0.0682373046875
720896,985.8565058861906,1.0,9.995605,100.0,26.448427,-1.0,0.9642334,2.0,0.4216609,0.9116451,0.017685916,0.013988513,0.0036974053,0.72427636,0.001953125,0.0697021484375
729088,969.8921934600767,1.0,9.769409,100.0,26.199913,-1.0,0.96569824,2.0,0.41741875,0.9147105,0.023215199,0.017261058,0.005954141,0.6804702,0.0015869140625,0.0689697265625
737280,963.2028850108371,1.0,9.805054,100.0,26.305676,-1.0,0.9641113,2.0,0.42121598,0.91487753,0.02108412,0.013700812,0.0073833084,0.7581773,0.0020751953125,0.0693359375
745472,969.0776521122937,1.0,9.718384,100.0,26.15604,-1.0,0.96569824,2.0,0.4188784,0.91595185,0.024151865,0.01790216,0.0062497044,0.8035468,0.0018310546875,0.0693359375
753664,975.9949811433551,1.0,9.500122,100.0,25.75151,-1.0,0.96777344,2.0,0.41918883,0.91704476,0.021789368,0.01605678,0.0057325913,0.79659855,0.001953125,0.0703125
761856,963.658694620685,1.0,9.412231,100.0,25.624798,-1.0,0.9708252,2.0,0.41780838,0.9202047,0.017690787,0.01507506,0.0026157275,0.80714715,0.0018310546875,0.0712890625
770048,974.6209265300417,1.0,9.291748,100.0,25.490488,-1.0,0.9711914,2.0,0.4194376,0.9231273,0.020207856,0.016723229,0.0034846277,0.75697875,0.0020751953125,0.0718994140625
778240,964.0051151017125,1.0,9.066895,100.0,25.137396,-1.0,0.9715576,2.0,0.4172742,0.9245852,0.02174846,0.016318392,0.005430069,0.7053084,0.0025634765625,0.0706787109375
786432,982.7056887309226,1.0,8.889893,100.0,24.8566,-1.0,0.97546387,2.0,0.41163322,0.9270697,0.020860162,0.014963497,0.0058966633,0.85257095,0.0018310546875,0.0709228515625
794624,974.11066769586,1.0,8.798706,100.0,24.66545,-1.0,0.97387695,2.0,0.40691194,0.9246564,0.019195948,0.0139634535,0.0052324925,0.739341,0.001708984375,0.068359375
802816,958.6501781300543,1.0,9.024658,100.0,24.936064,-1.0,0.9699707,2.0,0.4075419,0.91838384,0.018308695,0.013418142,0.004890555,0.7191517,0.001953125,0.0665283203125
811008,1028.1548823590051,1.0,8.852173,100.0,24.643751,-1.0,0.97143555,2.0,0.40039587,0.91892695,0.01846638,0.014043211,0.0044231704,0.74491036,0.001708984375,0.0645751953125
819200,1030.6746335182863,1.0,9.036743,100.0,24.975012,-1.0,0.96569824,2.0,0.40162042,0.91414833,0.020382889,0.015014371,0.005368517,0.759831,0.001708984375,0.0623779296875
827392,1026.0453369766383,1.0,9.204712,100.0,25.253227,-1.0,0.96533203,2.0,0.40416446,0.9141607,0.021419588,0.014698417,0.0067211725,0.8063601,0.001708984375,0.063232421875
835584,1027.7156738930444,1.0,9.261841,100.0,25.343042,-1.0,0.9616699,2.0,0.4004947,0.90975463,0.016725097,0.012172829,0.0045522684,0.83552545,0.0015869140625,0.0601806640625
843776,1042.1568506532365,1.0,9.5251465,100.0,25.728758,-1.0,0.9580078,2.0,0.40164983,0.9044815,0.018228244,0.0124796685,0.0057485765,0.74759185,0.00146484375,0.05908203125
851968,1025.3941379179346,1.0,9.787231,100.0,26.146765,-1.0,0.9552002,2.0,0.40119424,0.9008676,0.016996834,0.012406766,0.0045900685,0.80101186,0.0013427734375,0.0577392578125
860160,1012.3610749388314,1.0,9.804565,100.0,26.200186,-1.0,0.9550781,2.0,0.3995036,0.90042937,0.020478752,0.015911961,0.0045667905,0.7343635,0.0010986328125,0.0572509765625
868352,1013.784696219286,1.0,9.847046,100.0,26.2681,-1.0,0.95288086,2.0,0.4013849,0.89912057,0.018798407,0.014539691,0.004258716,0.7726918,0.0013427734375,0.0567626953125
876544,984.4021034735964,1.0,9.765625,100.0,26.237612,-1.0,0.95788574,2.0,0.4042122,0.9054067,0.018858377,0.015686769,0.0031716062,0.72323453,0.001220703125,0.060302734375
884736,972.5018856660791,1.0,9.705933,100.0,26.11828,-1.0,0.95825195,2.0,0.40409917,0.9060644,0.01969835,0.015412087,0.0042862636,0.77693325,0.0009765625,0.0606689453125
892928,969.457876438267,1.0,9.56604,100.0,25.87734,-1.0,0.9613037,2.0,0.40455377,0.908986,0.01898716,0.015776828,0.0032103304,0.72658217,0.0008544921875,0.0623779296875
901120,964.2704317578991,1.0,9.401611,100.0,25.613848,-1.0,0.96325684,2.0,0.40292212,0.9104458,0.019118357,0.014742096,0.0043762624,0.73690236,0.0010986328125,0.0623779296875
909312,1016.6482558431978,1.0,9.354736,100.0,25.593075,-1.0,0.96398926,2.0,0.40207845,0.9116562,0.018044086,0.013932771,0.004111313,0.73474324,0.0010986328125,0.0623779296875
917504,1018.127832019244,1.0,9.028687,100.0,25.108164,-1.0,0.9694824,2.0,0.40298724,0.9191786,0.021213923,0.017233748,0.0039801756,0.7327678,0.001220703125,0.065185546875
925696,1020.9922892803403,1.0,8.893188,100.0,24.818419,-1.0,0.9683838,2.0,0.40153688,0.9177359,0.018216938,0.013281868,0.00493507,0.7510662,0.001220703125,0.0640869140625
933888,1023.362244370817,1.0,8.983398,100.0,24.961756,-1.0,0.9658203,2.0,0.4048096,0.9160514,0.02147884,0.015686568,0.0057922737,0.716508,0.0015869140625,0.0638427734375
942080,1032.2698659985742,1.0,9.147583,100.0,25.217937,-1.0,0.9655762,2.0,0.40719426,0.9149238,0.018003006,0.013298404,0.004704601,0.6981657,0.001708984375,0.0645751953125
950272,1040.5105507997866,1.0,9.241455,100.0,25.335173,-1.0,0.96484375,2.0,0.4095233,0.9132854,0.016581424,0.013702875,0.0028785495,0.74092317,0.0020751953125,0.0648193359375
958464,1030.3785673868365,1.0,9.30603,100.0,25.47799,-1.0,0.9666748,2.0,0.41042063,0.91486734,0.018695135,0.0129745435,0.0057205902,0.75643456,0.001953125,0.066162109375
966656,985.012343078398,1.0,9.466064,100.0,25.724995,-1.0,0.9638672,2.0,0.41003415,0.9114324,0.022142084,0.014686349,0.007455736,0.70974594,0.0020751953125,0.0645751953125
974848,966.1773861761402,1.0,9.585083,100.0,25.985514,-1.0,0.9628906,2.0,0.4114331,0.9118895,0.019183138,0.014919618,0.0042635202,0.63118714,0.001953125,0.0648193359375
983040,980.5586323876815,1.0,9.767456,100.0,26.315895,-1.0,0.9621582,2.0,0.41373348,0.91165143,0.016647078,0.013504359,0.0031427196,0.68257695,0.0018310546875,0.0655517578125
991232,960.9305046187661,1.0,9.741089,100.0,26.278507,-1.0,0.9633789,2.0,0.41236588,0.9121528,0.019248294,0.015060207,0.004188087,0.7629143,0.001953125,0.0654296875
999424,976.8639933122404,1.0,9.537231,100.0,25.986996,-1.0,0.9683838,2.0,0.41055584,0.9169092,0.021849653,0.016226785,0.0056228684,0.6884413,0.0018310546875,0.067138671875
